canonical_public_id,canonical_name,normalized_date_of_birth,source_keys,notes
player_nihat_turkey_1979,Nihat Kahveci,1979-11-23,cm0001_vanilla_original:77419;cm0102_vanilla_original:118993;cm0203_vanilla_original:8745;cm0304_vanilla_original:8474;cm9899_vanilla_original:39028;cm9900_vanilla_original:51013,Wikidata Q284359; unique token and exact-DOB match across previously split identity components
player_cetin_oguz_turkey_1963,Oğuz Çetin,1963-02-15,cm0102_vanilla_original:117240;cm9697_vanilla_original:4591;cm9798_vanilla_original:15955;cm9899_vanilla_original:39047;cm9900_vanilla_original:51037,Wikidata Q1439300; unique token and exact-DOB match across previously split identity components
player_mehmet_turkey_1966,Mehmet Özdilek,1966-04-01,cm0001_vanilla_original:77253;cm9697_vanilla_original:4496;cm9798_vanilla_original:2671;cm9899_vanilla_original:39052;cm9900_vanilla_original:51046,Wikidata Q1388954; unique token and exact-DOB match across previously split identity components
player_akman_ayhan_turkey_1977,Ayhan Akman,1977-02-23,cm0001_vanilla_original:75739;cm0102_vanilla_original:116768;cm0203_vanilla_original:8741;cm0304_vanilla_original:8470;cm9899_vanilla_original:38975;cm9900_vanilla_original:50926,Wikidata Q448297; unique token and exact-DOB match across previously split identity components
player_murat_sozkesen_turkey_1975,Murat Sözkesen,1975-04-01,cm0001_vanilla_original:38045;cm0102_vanilla_original:65941;cm0203_vanilla_original:7559;cm0304_vanilla_original:7296;cm9899_vanilla_original:39065;cm9900_vanilla_original:51069,Wikidata Q6066791; unique token and exact-DOB match across previously split identity components
player_aksoy_altan_turkey_1976,Altan Aksoy,1976-02-05,cm0001_vanilla_original:75645;cm0102_vanilla_original:116660;cm0203_vanilla_original:7558;cm0304_vanilla_original:7295;cm9899_vanilla_original:38976;cm9900_vanilla_original:50927,Wikidata Q4736141; unique token and exact-DOB match across previously split identity components
player_arslan_volkan_turkey_1978,Volkan Arslan,1978-08-29,cm0001_vanilla_original:16656;cm0102_vanilla_original:120188;cm0203_vanilla_original:120292;cm0304_vanilla_original:123961;cm9899_vanilla_original:38981;cm9900_vanilla_original:50936,Wikidata Q1726558; unique token and exact-DOB match across previously split identity components
player_gulunoglu_nesat_turkey_1979,Neşat Gülünoğlu,1979-01-04,cm0001_vanilla_original:76756;cm0102_vanilla_original:118985;cm0203_vanilla_original:752;cm0304_vanilla_original:725;cm9798_vanilla_original:67357;cm9899_vanilla_original:39019;cm9900_vanilla_original:50999,Wikidata Q1984073; unique token and exact-DOB match across previously split identity components
player_ramazan_tunc_turkey_1975,Ramazan Tunç,1975-09-17,cm0001_vanilla_original:77688;cm0102_vanilla_original:119323;cm0203_vanilla_original:7550;cm0304_vanilla_original:7287;cm9899_vanilla_original:39078;cm9900_vanilla_original:51086,Wikidata Q3418390; unique token and exact-DOB match across previously split identity components
player_baris_deniz_turkey_1977,Deniz Barış,1977-07-02,cm0001_vanilla_original:75787;cm0102_vanilla_original:116822;cm0203_vanilla_original:166010;cm0304_vanilla_original:177483;cm9900_vanilla_original:50945,Wikidata Q671731; unique token and exact-DOB match across previously split identity components
player_alpugan_unal_turkey_1973,Ünal Alpuğan,1973-08-03,cm0001_vanilla_original:75644;cm0102_vanilla_original:120113;cm0203_vanilla_original:165777;cm0304_vanilla_original:177255;cm9900_vanilla_original:50933,Wikidata Q334909; unique token and exact-DOB match across previously split identity components
player_aktas_metin_turkey_1977,Metin Aktaş,1977-08-01,cm0001_vanilla_original:24687;cm0102_vanilla_original:49655;cm0203_vanilla_original:7546;cm0304_vanilla_original:7283;cm9899_vanilla_original:38978;cm9900_vanilla_original:50929,Wikidata Q1323847; unique token and exact-DOB match across previously split identity components
player_timur_yanyali_turkey_1975,Timur Yanyalı,1975-08-26,cm0001_vanilla_original:78176;cm0102_vanilla_original:119937;cm0203_vanilla_original:113941;cm0304_vanilla_original:117851;cm9798_vanilla_original:10345;cm9899_vanilla_original:39092;cm9900_vanilla_original:51106,Wikidata Q7807701; unique token and exact-DOB match across previously split identity components
player_celaleddin_kocak_turkey_1977,Celaleddin Koçak,1977-11-24,cm0001_vanilla_original:76022;cm0102_vanilla_original:117117;cm0203_vanilla_original:120337;cm0304_vanilla_original:124006;cm9899_vanilla_original:39036;cm9900_vanilla_original:51027,Wikidata Q327709; unique token and exact-DOB match across previously split identity components
player_cimsir_huseyin_turkey_1979,Hüseyin Çimşir,1979-05-26,cm0001_vanilla_original:40360;cm0102_vanilla_original:118294;cm0203_vanilla_original:9815;cm0304_vanilla_original:9530;cm9900_vanilla_original:50968,Wikidata Q1388923; unique token and exact-DOB match across previously split identity components
player_colak_nuri_turkey_1975,Nuri Çolak,1975-08-17,cm0001_vanilla_original:77434;cm0102_vanilla_original:119010;cm0203_vanilla_original:7549;cm0304_vanilla_original:7286;cm9899_vanilla_original:39002;cm9900_vanilla_original:50969,Wikidata Q2947426; unique token and exact-DOB match across previously split identity components
player_berkant_goktan_turkey_1980,Berkant Göktan,1980-12-12,cm0001_vanilla_original:76735;cm0102_vanilla_original:116910;cm0203_vanilla_original:119967;cm0304_vanilla_original:123639;cm9899_vanilla_original:39017;cm9900_vanilla_original:50996,Wikidata Q637710; unique token and exact-DOB match across previously split identity components
player_serder_turkey_1976,Serdar Topraktepe,1976-08-25,cm0001_vanilla_original:21844;cm0102_vanilla_original:44968;cm0203_vanilla_original:7555;cm0304_vanilla_original:7292;cm9899_vanilla_original:39075;cm9900_vanilla_original:51083,Wikidata Q2272267; unique token and exact-DOB match across previously split identity components
player_faruk_namdar_turkey_1974,Faruk Namdar,1974-05-06,cm0001_vanilla_original:76561;cm0102_vanilla_original:19166;cm0203_vanilla_original:120338;cm0304_vanilla_original:124007;cm9899_vanilla_original:39045;cm9900_vanilla_original:51036,Wikidata Q4803895; unique token and exact-DOB match across previously split identity components
player_guvenisik_sercan_turkey_1980,Sercan Güvenışık,1980-03-01,cm0001_vanilla_original:76816;cm0102_vanilla_original:118105;cm0203_vanilla_original:120643;cm0304_vanilla_original:124300;cm9899_vanilla_original:39022;cm9900_vanilla_original:51005,Wikidata Q877394; unique token and exact-DOB match across previously split identity components
player_hasan_vural_turkey_1973,Hasan Vural,1973-12-17,cm0001_vanilla_original:44043;cm0102_vanilla_original:16362;cm0203_vanilla_original:120213;cm0304_vanilla_original:123882;cm9798_vanilla_original:67392;cm9899_vanilla_original:39089;cm9900_vanilla_original:51102,Wikidata Q1441174; unique token and exact-DOB match across previously split identity components
player_cem_karaca_turkey_1976,Cem Karaca,1976-05-08,cm0001_vanilla_original:76039;cm0102_vanilla_original:117139;cm0203_vanilla_original:3105;cm0304_vanilla_original:2944;cm9798_vanilla_original:67433;cm9899_vanilla_original:39030;cm9900_vanilla_original:51016,Wikidata Q876784; unique token and exact-DOB match across previously split identity components
player_gonden_mustafa_turkey_1975,Mustafa Gönden,1975-08-01,cm0001_vanilla_original:9671;cm0102_vanilla_original:15942;cm0203_vanilla_original:42714;cm0304_vanilla_original:43884,Wikidata Q55974117; unique token and exact-DOB match across previously split identity components
